Размер массива;Тип массива;Выбор (time);Выбор (operations);Пузырёк (time);Пузырёк (operations);Пузырек Айв1 (time);Пузырек Айв1 (operations);Пузырёк Айв1+2 (time);Пузырёк Айв1+2 (operations);Вставки (time);Вставки (operations);Бин. вставки (time);Бин. вставки (operations);Подсчет (time);Подсчет (operations);Цифровая (time);Цифровая (operations);Слияние (time);Слияние (operations);Быстрая (time);Быстрая (operations);Пирамидальная (time);Пирамидальная (operations);Шелла-Циура (time);Шелла-Циура (operations);Шелла-Шелла (time);Шелла-Шелла (operations)
100;случайные числа 0-5;8819;26122;3053;49479;3221;50544;3538;37530;1193;19160;8488;19773;384;1952;434;5169;10601;13839;1340;9433;2250;12548;3990;24138;581;10404;
100;случайные числа 0-4000;8911;26377;3073;49603;3261;48307;3763;36300;1571;19408;9133;22615;1781;28826;684;10031;10720;13977;949;7316;2676;14488;5026;24448;785;11904;
100;почти отсортированный массив;7610;25657;2119;41311;2708;33142;1296;10035;220;2824;1046;10594;2068;29455;685;10031;9684;13119;2181;27767;2991;15561;576;3718;476;9154;
100;обратно отсортированный массив;7998;28268;2274;60287;3363;65142;3631;55144;2336;40776;18070;38158;2061;30566;693;10031;9410;12567;3936;39778;2518;12983;7279;51158;496;10664;
200;случайные числа 0-5;35868;102222;12160;193075;13031;194974;13960;144445;3923;66552;30316;64850;700;3852;746;8269;19966;31003;3646;27548;4933;28445;13433;84150;1296;24288;
200;случайные числа 0-4000;36316;102893;12136;202571;13718;210924;15111;161043;4999;85544;35183;83447;2176;31805;1046;15931;19868;31315;2025;17955;5915;32841;16126;107890;1834;29668;
200;почти отсортированный массив;33423;101307;7816;162555;12505;152952;8518;65523;429;5512;1983;24187;1886;31479;1031;15931;18271;29545;7661;112324;6875;35503;1208;7850;886;19678;
200;обратно отсортированный массив;35018;111469;8186;240575;12846;260277;13959;220276;9099;161552;70906;139383;2038;32452;1016;15931;17761;27961;13556;152467;5628;29692;27488;202900;1040;25448;
300;случайные числа 0-5;82388;228276;27480;436271;31488;447448;30964;331101;8603;153144;68456;145994;1068;5751;1003;11369;29108;49163;7336;54548;8434;47042;28880;193290;1986;38908;
300;случайные числа 0-4000;81756;229372;30870;454427;32408;477007;33203;364206;10325;189456;76746;173468;2168;33691;1450;21831;34698;49847;3006;24974;9868;53169;40195;238680;4310;47858;
300;почти отсортированный массив;79911;226957;17578;364651;27210;355347;23585;172367;766;9904;3770;40183;2219;33747;1535;21831;29716;46697;17368;255376;10629;57106;2076;14240;1640;37638;
300;обратно отсортированный массив;79076;249082;17418;540847;27914;585392;30276;495384;18128;362296;156696;302026;2159;34107;1468;21831;29283;44339;32161;337415;9643;48470;61983;454730;1816;43698;
400;случайные числа 0-5;148909;404526;45906;773667;50273;789032;57928;588084;15071;268136;124671;255050;1228;7653;1348;14469;40634;68617;11561;85893;11993;64180;49483;338326;2749;54542;
400;случайные числа 0-4000;146466;405923;49760;796899;51363;830744;57496;623286;19610;314600;129863;280611;2416;35303;1806;27731;41138;69229;4054;34826;14378;74920;63306;396406;5121;70002;
400;почти отсортированный массив;144841;402607;28820;646755;48908;637752;43548;329223;1063;14312;5208;57187;2238;35576;1853;27731;39049;64801;33910;502991;15625;79777;3041;21046;1948;47112;
400;обратно отсортированный массив;141378;441640;28521;961127;50896;1040517;54421;880504;32364;643056;277816;524960;2291;36315;1828;27731;35543;61585;52009;597864;13266;68110;111618;806976;2443;59212;
500;случайные числа 0-5;222660;630566;72511;1211171;77393;1236279;86204;918333;24446;423344;203046;404462;1535;9553;1644;17569;50154;87567;17055;128583;15638;83482;79511;533636;3020;64930;
500;случайные числа 0-4000;225216;632806;81498;1247715;84568;1304807;96141;981836;26995;496432;197173;430764;2441;37414;2215;33631;54401;89091;5358;47795;18905;96107;93868;624996;5586;84660;
500;почти отсортированный массив;230200;628257;47641;1008851;79401;1000147;75618;536067;1379;18704;7265;74093;2591;37498;2316;33631;45536;82215;53920;837042;19451;102216;4023;27836;2796;63890;
500;обратно отсортированный массив;225528;687554;43555;1501343;77545;1625562;86313;1375528;49250;1003688;434758;808975;2678;38208;2356;33631;48541;79263;80830;901179;17813;88305;173075;1259066;3416;76950;
600;случайные числа 0-5;330673;906706;101588;1735815;115089;1771179;122956;1316064;30491;592832;269403;534601;1798;11453;1930;20669;60405;108763;23736;180958;20981;103469;110708;746796;4256;88872;
600;случайные числа 0-4000;332981;909266;114143;1805547;122626;1882824;131518;1429072;43971;732296;305479;621150;2526;39355;2644;39531;63863;109795;6398;53620;23295;118666;131913;921126;7465;114512;
600;почти отсортированный массив;328744;903907;66895;1450955;113869;1442552;114451;792923;1573;23112;8658;92293;2613;39439;2734;39531;55126;102013;78705;1226956;25386;127009;5183;34646;3999;86162;
600;обратно отсортированный массив;337003;988793;66003;2161619;113738;2340682;126871;1980642;68625;1444440;621805;1153345;2796;40087;2675;39531;54980;97201;115416;1308681;21435;109296;249280;1811306;4116;99902;
700;случайные числа 0-5;461671;1232913;140753;2378027;155320;2438943;171471;1823485;42695;837456;406338;776733;2361;13351;2414;23769;75143;129485;31714;234733;23521;123929;152938;1053876;4813;102254;
700;случайные числа 0-4000;456896;1235944;161110;2462391;165050;2585582;183071;1966392;50688;1006184;416241;840993;2716;41323;3676;45431;84916;130811;7961;60826;30350;141644;185679;1264786;9891;137014;
700;почти отсортированный массив;441870;1229557;83751;1973055;160328;1964952;146836;1099773;1969;27512;10280;110752;2780;41263;3055;45431;64381;121589;111616;1732398;29600;152000;5924;41446;4681;104344;
700;обратно отсортированный массив;456551;1341929;83696;2941819;155845;3185707;168931;2695642;94931;1965040;846983;1557550;2871;41952;3073;45431;63568;115763;167300;1752808;29058;130992;352416;2463356;5179;118914;
800;случайные числа 0-5;586096;1609065;186443;3090187;202754;3130342;220093;2326289;54876;1061976;516281;981613;2353;15253;2523;26869;81766;150861;40945;301383;27791;140707;193381;1336222;6043;122186;
800;случайные числа 0-4000;607378;1612473;212421;3203319;236434;3350037;253090;2554782;70943;1288240;540643;1067443;3063;43151;3434;51331;93401;152277;10023;78999;33028;166545;234590;1619052;16123;169746;
800;почти отсортированный массив;598673;1605207;111763;2575155;203581;2567352;206005;1456623;2256;31912;12170;128516;3031;43217;3480;51331;78770;140913;156084;2314480;36281;177563;7426;48642;4325;108356;
800;обратно отсортированный массив;594188;1752397;108809;3842111;203386;4160847;216695;3520780;124418;2565824;1124835;2022169;3103;43915;3469;51331;77238;134487;208020;2338063;29673;152982;452568;3216032;5303;134996;
900;случайные числа 0-5;760745;2035127;227500;3928499;256343;4016239;291358;2994916;68691;1378800;666565;1244396;2776;17150;2811;29969;94064;171625;50464;381808;31113;161460;256276;1733952;6513;135502;
900;случайные числа 0-4000;770831;2039322;264534;4040207;278216;4219474;315433;3192318;81099;1602216;669020;1318140;3011;45122;4036;57231;108958;173515;11146;93072;37378;189651;292121;2013222;26426;200382;
900;почти отсортированный массив;751256;2030857;140738;3257255;259726;3249752;254581;1863473;2598;36312;14411;147288;3205;45159;4078;57231;84953;159829;214695;1873760;39783;202051;7826;55842;5713;129892;
900;обратно отсортированный массив;754786;2213650;139178;4862271;262928;5265822;286608;4455720;155418;3246344;1401981;2547772;3283;45801;3896;57231;84231;153481;264911;2835232;36090;175810;568458;4068382;6573;156482;
1000;случайные числа 0-5;939524;2511269;277295;4834063;309419;4877929;346024;3634121;82226;1670128;838563;1569596;3058;19051;4544;33069;105641;192575;61501;464778;35430;181602;303346;2099812;7561;151104;
1000;случайные числа 0-4000;944158;2515824;322070;4962715;341310;5199472;386354;3936256;92974;1927432;799859;1577004;3158;47002;4211;63131;117116;195125;16201;98833;44808;213785;348663;2421442;37508;203904;
1000;почти отсортированный массив;932216;2506512;169458;4019351;314276;4011747;323040;2320275;2815;40704;15771;165484;3513;47023;4731;63131;93246;178715;235778;3668316;48231;226758;10228;63032;6676;145614;
1000;обратно отсортированный массив;945426;2732911;174834;6002539;322959;6500932;344985;5500822;194275;4007080;1761249;3133463;3446;47708;4256;63131;95899;172721;336233;3572589;39064;197295;709021;5021002;7328;174504;
1100;случайные числа 0-5;1131233;3037347;350858;5880103;381583;5975254;422321;4470091;103248;2082408;1070523;1964433;3211;20952;3431;36169;111228;214925;75688;557323;40228;202177;379925;2616862;8526;180626;
1100;случайные числа 0-4000;1122981;3042300;386238;6049747;414498;6345749;464564;4819212;117629;2421696;1024608;1962275;3311;48892;4611;69031;126403;217379;16691;120140;49176;239763;436239;3040972;30571;243396;
1100;почти отсортированный массив;1134206;3032157;209914;4861455;381828;4854552;387196;2827173;3156;45112;18103;185643;3685;48932;4678;69031;97163;199697;291825;4458155;52781;253574;10198;70242;7865;175446;
1100;обратно отсортированный массив;1134610;3295777;207018;7262627;386896;7865817;417256;6655654;225431;4847456;2120508;3778960;3803;49615;4729;69031;98415;192005;392429;4201768;46678;221750;853031;6073172;8311;204146;
1200;случайные числа 0-5;1336443;3613548;403701;6966579;457873;7063932;504318;5260959;120636;2415560;1181063;2162355;3443;22852;3765;39269;126153;237407;88103;650578;44141;223832;442761;3035002;10335;202586;
1200;случайные числа 0-4000;1350188;3619355;450576;7244819;506034;7607708;557378;5807403;142029;2972040;1256601;2391171;3444;50815;4963;74931;140615;240071;21590;131199;53729;263597;532791;3730602;36353;266456;
1200;почти отсортированный массив;1348670;3607807;238338;5783555;447346;5776952;455075;3384023;3256;49512;19971;205041;4084;50841;5116;74931;106535;221045;386683;3347974;55666;280349;10811;77442;8061;192606;
1200;обратно отсортированный массив;1356408;3918367;242828;8642847;454176;9360867;490736;7920684;264236;5768096;2542330;4484940;4495;51494;5960;74931;121283;211565;469169;5053925;51014;244260;1016899;7225672;10343;224876;
1300;случайные числа 0-5;1575863;4239716;462034;8181091;524453;8326423;578331;6207286;136171;2844784;1366946;2544215;3766;24751;4113;42369;132096;260057;100670;768898;48865;247168;504279;3573232;10715;216916;
1300;случайные числа 0-4000;1583680;4246030;520381;8489135;567393;8902878;624736;6756922;164689;3460872;1443395;2773532;3839;52703;5391;80831;152069;263111;21961;132333;58658;289612;610038;4343342;42905;314476;
1300;почти отсортированный массив;1570071;4233457;277658;6785655;524426;6779352;535858;3990873;3788;53912;21820;224587;4096;52757;5515;80831;115759;241997;390993;6228365;59566;307633;11786;84642;9373;212136;
1300;обратно отсортированный массив;1578513;4599472;279438;10143059;527353;10985907;572050;9295702;311391;6768720;2896251;5250493;4136;53415;5545;80831;122493;231593;538020;5852095;54199;269402;1182206;8478152;10653;249026;
1400;случайные числа 0-5;1852366;4915712;537645;9482719;640839;9701033;688975;7236503;155943;3288240;1687269;3067516;4031;26653;4378;45469;151659;282107;114025;880883;53358;269217;627936;4129252;15043;228838;
1400;случайные числа 0-4000;1835846;4922675;614821;9859683;662380;10359614;733209;7909826;189853;4042168;1731134;3225393;4448;54555;6525;86731;195259;285785;34418;142403;74311;314024;779643;5071662;47876;313548;
1400;почти отсортированный массив;1838143;4909107;342130;7867751;638439;7861747;637694;4647717;4135;58304;24283;243858;4601;54660;5976;86731;128331;262943;483395;7171284;66366;334073;12808;91832;13939;231588;
1400;обратно отсортированный массив;1849580;5330223;327008;11763247;609678;12740917;671505;10780684;363621;7849296;3428751;6076421;4448;55301;5971;86731;136021;251573;635444;6759873;58971;292136;1375410;9830572;11033;267038;
1500;случайные числа 0-5;2128266;5641985;633165;10915759;730588;11144324;809880;8339276;185526;3834520;1886953;3382021;4483;28550;4823;48569;170168;304955;133550;1023518;59321;288953;689616;4813802;12028;244454;
1500;случайные числа 0-4000;2130219;5649224;692656;11266283;756351;11826679;832646;9003446;212283;4535568;1902055;3610792;4239;56488;6178;92631;183225;308753;35519;157474;71083;340823;804056;5690112;52020;328484;
1500;почти отсортированный массив;2138179;5634762;369303;9029851;702223;9023747;735266;5354525;3951;62704;27386;263359;4533;56527;7186;92631;139358;283577;538528;8254531;72808;361916;14538;99032;10206;235414;
1500;обратно отсортированный массив;2117230;6103445;374383;13503379;718481;14625857;790593;12375582;422358;9009760;3904363;6961964;4843;57110;6483;92631;145254;271997;721403;7696949;66533;318142;1575831;11282852;12369;286174;
1600;случайные числа 0-5;2395828;6418142;707581;12365503;818699;12625999;894113;9398047;207514;4254208;2096300;3822813;4616;30451;4981;51669;173956;327827;149931;1148553;63150;314925;764550;5340112;25375;275910;
1600;случайные числа 0-4000;2426968;6426474;774011;12808267;867451;13429582;963524;10226994;244148;5139736;2188886;4081703;4218;58424;6591;98531;202693;331703;36936;180387;78751;367176;924256;6447022;65685;401340;
1600;почти отсортированный массив;2378521;6410412;420856;10271951;810601;10266547;826508;6111417;4571;67104;27898;282878;4911;58459;6814;98531;151856;304337;589768;9336638;77351;389105;14815;106232;9734;243300;
1600;обратно отсортированный массив;2398471;6953078;428910;15363559;806789;16640857;876276;14080552;470388;10250320;4468206;7908352;4868;59115;6818;98531;156361;292013;819578;8751049;70424;340273;1807640;12835252;11730;303200;
1700;случайные числа 0-5;2707786;7244110;793918;13975671;916550;14254284;1014651;10641924;231180;4834744;2492520;4516539;4840;32351;5271;54769;184850;349907;166386;1294048;70446;334763;861591;6067482;14891;282502;
1700;случайные числа 0-4000;2865001;7252395;871636;14463251;1008138;15175447;1092483;11561772;275229;5809904;2503033;4599015;4666;60307;7046;104431;216889;354779;39481;184583;83289;391857;1068886;7286432;62473;395212;
1700;почти отсортированный массив;2740951;7236067;484076;11594047;919906;11588942;955291;6918261;5244;71496;32086;302831;5495;60340;7794;104431;162716;325205;673476;10455025;83869;416019;16820;113422;13641;283992;
1700;обратно отсортированный массив;2730868;7834962;486206;17343703;912723;18785812;1001351;15895468;536685;11570808;5085428;8915554;5423;61015;7401;104431;162148;312131;945320;9709396;74480;366467;2065889;14487562;13410;323352;
1800;случайные числа 0-5;3054751;8120250;879933;15627847;1012746;15914999;1107920;11813967;250078;5339296;2672891;4920734;5216;34251;5684;57869;200436;372593;187968;1451188;71694;358142;940321;6699872;16896;300566;
1800;случайные числа 0-4000;3029096;8130087;940805;16242611;1076013;17054734;1186984;13005864;305501;6568824;2744501;5184180;4571;62176;7363;110331;232821;377603;44631;197007;85571;417952;1153876;8236782;74895;460876;
1800;почти отсортированный массив;3010909;8111712;525115;12996151;1008641;12990947;1046039;7775075;4928;75904;32011;322266;5226;62218;7734;110331;170575;345197;730968;11663235;88168;443118;16841;120632;12603;289886;
1800;обратно отсортированный массив;3056329;8774664;536224;19443903;1022455;21060837;1109678;17820468;595974;12971408;5591271;9982756;5485;62894;7633;110331;173131;332699;1030275;11105762;79891;389839;2279270;16240012;14491;349766;
1900;случайные числа 0-5;3379453;9046498;988599;17515979;1146973;17789307;1256791;13325457;289823;6155760;3104673;5619761;5486;36153;5836;60969;206333;395813;210508;1595558;79051;372359;1087043;7722152;15846;309644;
1900;случайные числа 0-4000;3348931;9056122;1045001;18090219;1203291;18986187;1373304;14453737;341250;7304240;3196484;5753139;4805;64122;8728;116231;248758;400961;50525;210897;93986;444201;1318393;9157752;86003;449824;
1900;почти отсортированный массив;3396863;9037357;603250;14478247;1146413;14473742;1192611;8681961;5505;80296;34554;343146;5511;64123;8095;116231;177215;365699;1037389;8313479;92116;470034;17771;127822;14245;311834;
1900;обратно отсортированный массив;3365513;9770833;586138;21663971;1122138;23465689;1214068;19855263;651848;14451744;6178043;11109616;5674;64815;8133;116231;178766;353057;1127150;12121402;83948;417350;2503996;18092132;15018;366034;
2000;случайные числа 0-5;3697373;10022608;1059574;19284371;1243898;19609572;1363940;14589710;305541;6572744;3233621;5863215;5863;38054;6151;64069;211828;418337;236583;1761563;79743;397367;1188506;8245082;20756;334218;
2000;случайные числа 0-4000;3790748;10032939;1201513;19982099;1368145;20970924;1496838;15945491;374874;7968200;3478296;6267379;5038;66022;8231;122131;258779;423695;49168;219609;98318;471675;1458859;9989402;93501;465958;
2000;почти отсортированный массив;3809186;10013012;681023;16040347;1274689;16035742;1340921;9638769;7204;84696;40209;362889;6179;66031;8561;122131;187658;385715;1175125;9393120;102353;496990;18836;135022;13889;323818;
2000;обратно отсортированный массив;3817933;10807019;676030;24004043;1325161;26000562;1449406;22000078;760294;16012088;7064443;12296498;6173;66715;8711;122131;194821;374057;1288821;13362064;91510;439306;2864193;20044262;18043;389838;
2100;случайные числа 0-5;4165578;11048555;1214003;21359151;1424339;21823182;1552521;16298122;357406;7442504;3839875;6790821;5923;39950;6631;67169;222955;440917;259123;1941353;89510;421415;1349810;9333982;20933;378100;
2100;случайные числа 0-4000;4194495;11059893;1312708;22093231;1517068;23201654;1650906;17698443;423871;8910664;3849696;6989619;4883;67926;8541;128031;253768;447853;56816;226631;102776;497353;1566483;11169182;90860;575280;
2100;почти отсортированный массив;4117370;11038657;720923;17682455;1393058;17678552;1457796;10645673;5775;89112;39149;383229;5984;67955;9128;128031;187773;407359;1261611;10384770;105760;526319;19823;142242;15888;374190;
2100;обратно отсортированный массив;4153336;11902912;744951;26464059;1401570;28665357;1529678;24254802;820551;17652320;7814796;13543134;5873;68601;9053;128031;191668;394759;1417996;14552902;94668;465368;3125696;22096252;19004;430500;
2200;случайные числа 0-5;4578571;12124728;1317966;23409767;1549076;23756299;1694795;17700807;389126;8103936;4278511;7503611;6455;41851;6753;70269;231951;465327;285446;2118688;97366;442795;1463768;10162472;25358;400540;
2200;случайные числа 0-4000;4540821;12136597;1396631;24219523;1611610;25412822;1787908;19331765;453736;9723448;4123086;7617441;5183;69826;8836;133931;267383;471831;60753;258221;107371;523684;1706776;12186862;95098;567770;
2200;почти отсортированный массив;4513528;12114312;799381;19404543;1527341;19400537;1597156;11702463;6920;93488;42315;404504;6061;69852;10954;133931;198656;430455;1104766;17311867;112134;554645;21011;149412;17093;386090;
2200;обратно отсортированный массив;4559910;13091820;797380;29044523;1521273;31460712;1642521;26620198;1015673;19373448;8559785;14851003;6506;70508;9391;133931;204816;415263;1564036;16105638;104886;489632;3445295;24249362;18113;454310;
2300;случайные числа 0-5;5067896;13250993;1440581;25581475;1708418;26105597;1890813;19489518;441586;8847552;4597996;7955549;6896;43751;7224;73369;255871;489941;314743;2312833;99223;469469;1637560;11093692;24345;412308;
2300;случайные числа 0-4000;5000150;13263419;1560825;26546579;1803855;27886969;1961668;21253765;509031;10777760;4668491;8424427;6413;71724;9929;139831;288891;496739;61299;274090;115411;551581;1926163;13506452;99833;560948;
2300;почти отсортированный массив;5013974;13239962;875336;21206647;1704629;21202942;1799451;12809319;6926;97896;53681;424921;6871;71752;10818;139831;217080;453035;1223658;18264767;126543;585259;21906;156622;19509;415768;
2300;обратно отсортированный массив;5051444;14248481;869538;31744299;1695256;34385207;1823823;29094562;1008308;21173200;9321383;16217517;6775;72408;10434;139831;222168;436667;1715360;17259153;114665;517421;3752370;26500752;20560;487138;
2400;случайные числа 0-5;5444363;14427138;1531766;27892235;1836163;28395982;2004721;21202558;457366;9709272;4901905;8567441;7026;45651;7689;76469;259518;514735;331901;2506973;107828;490357;1771988;12172542;45050;447410;
2400;случайные числа 0-4000;5462470;14440010;1697666;28883111;1948318;30302777;2110113;23124442;547135;11691024;4992034;9127688;5391;73625;9681;145731;297563;521089;68920;267904;118791;578631;2049849;14649732;108558;623700;
2400;почти отсортированный массив;5360623;14415607;929659;23088751;1846216;23085747;1998831;13966217;7361;102304;48126;446277;6620;73647;10478;145731;231085;475903;1330848;20227387;125833;614219;22758;163832;17813;423500;
2400;обратно отсортированный массив;5449918;15485019;938925;34564215;1803675;37439877;1964636;31679136;1038321;23053232;9904688;17644279;6808;74294;10463;145731;237730;458095;1816940;18408060;117473;541004;4187798;28852492;19826;499870;
2500;случайные числа 0-5;5944533;15653139;1677660;30218815;2010396;30773134;2181088;22969819;493328;10442632;5460905;9848322;7108;47551;7638;79569;266426;538761;350770;2723258;105765;517624;1831768;13090942;31804;457006;
2500;случайные числа 0-4000;5863280;15667182;1787368;31285783;2097908;32851324;2311745;25045992;580446;12576568;5339594;9805046;5515;75525;10298;151631;314319;545679;73448;286352;125444;605732;2215888;15758362;117198;637076;
2500;почти отсортированный массив;5858473;15641257;1009091;25050847;1955763;25048142;2059563;15173061;7451;106696;48620;465866;7531;75552;11026;151631;236208;498249;1845798;14674648;129671;643034;24034;171022;20996;451796;
2500;обратно отсортированный массив;5859138;16803697;1016935;37504359;1970504;40624832;2117098;34374052;1121668;25013720;10691925;19131609;6883;76208;10851;151631;230521;479403;1956856;19935360;116658;566782;4462195;31304802;21553;528446;
2600;случайные числа 0-5;6391269;16929458;1806153;32713131;2151841;33370412;2354141;24890277;536501;11351464;5659396;10027728;7426;49451;8716;82669;275775;562733;385200;2928993;112891;539170;2029785;14228682;32996;472660;
2600;случайные числа 0-4000;6369953;16944050;1914029;33747791;2215850;35415417;2436760;26903392;615141;13420784;5701411;10456030;6580;77423;10421;157531;326298;570113;74380;283460;131113;635010;2370450;16815332;122471;682440;
2600;почти отсортированный массив;6472506;16916917;1100699;27092931;2113200;27090122;2217355;16429845;7720;111064;51235;487137;7475;77451;11408;157531;236728;520583;1993983;15909514;135175;672155;25206;178182;20318;465190;
2600;обратно отсортированный массив;6269058;18165457;1093941;40564419;2111856;43939682;2285184;37178842;1273316;27054040;11620316;20678733;7261;78115;11405;157531;241281;500909;2113011;21593932;119156;591358;4679840;33856902;23119;551870;
2700;случайные числа 0-5;6760425;18255439;1906945;35218063;2272215;35907488;2494210;26791214;556155;12121528;6341376;11438818;7658;51351;8259;85769;287558;587035;404900;3171008;115228;561237;2130453;15192962;34061;491866;
2700;случайные числа 0-4000;6784716;18270529;2038633;36493023;2370111;38313972;2629684;29183210;673019;14671448;6350980;11412928;7746;79316;10831;163431;350158;594751;82025;294442;142623;662260;2575366;18380362;126353;693996;
2700;почти отсортированный массив;6838495;18242562;1197796;29215051;2326246;29212947;2482351;17736767;7819;115504;53516;508052;7469;79351;12558;163431;253043;543157;1599748;24677991;143441;702065;26395;185432;21025;482016;
2700;обратно отсортированный массив;6937390;19569604;1195803;43744543;2333613;47384612;2547020;40093728;1348461;29174488;12850194;22285890;7423;80015;12488;163431;251985;522193;2246895;23199126;126518;619791;5104831;36509162;22686;569336;
2800;случайные числа 0-5;7280895;19631480;2035901;37890651;2441240;38768798;2666515;28845061;597648;13066904;6767156;12218216;8103;53251;8646;88869;299624;610251;435574;3399998;122730;593584;2287225;16376382;38953;513342;
2800;случайные числа 0-4000;7261278;19647329;2186815;39207051;2549356;41159922;2801808;31327465;728776;15699704;6632598;12199440;6228;81198;11141;169331;354565;619557;83549;331767;142734;689458;2746560;19667382;133071;746602;
2800;почти отсортированный массив;7261479;19618212;1253808;31417151;2437580;31414947;2568923;19093575;7545;119904;55588;528971;8200;81237;12281;169331;259576;565269;1659905;26552864;147053;730514;27448;192632;25384;507442;
2800;обратно отсортированный массив;7294908;21037324;1286603;47044519;2543991;50959349;2638904;43118385;1408775;31374640;13402798;23952452;7841;81894;12396;169331;266808;544011;2429828;24804085;131118;643082;5413908;39261052;24068;592092;
2900;случайные числа 0-5;7797373;21057675;2188121;40677223;2614574;41529412;2866566;31008325;643726;14080248;7008658;12600873;8196;55151;8906;91969;314214;635069;464295;3627448;125316;608729;2482491;17644762;35393;520782;
2900;случайные числа 0-4000;7808858;21074323;2315360;42087847;2735664;44146204;3010108;33567423;775983;16901496;7260156;13118301;6148;83096;11641;175231;372286;643877;85591;342692;147771;717296;2957486;21171322;136009;744232;
2900;почти отсортированный массив;7920784;21043862;1366536;33699251;2652033;33697747;2794683;20500467;8369;124304;58068;549575;7813;83147;12818;175231;270303;587483;2517556;19929355;151938;760830;28188;199832;23609;519562;
2900;обратно отсортированный массив;7886476;22566534;1371990;50464543;2645344;54664154;2859764;46253121;1525543;33654888;14668383;25679854;7956;83808;13203;175231;279321;565697;2613984;26691657;141083;669444;5876609;42113062;24816;611412;
3000;случайные числа 0-5;8421289;22533652;2369300;43474427;2823543;44293852;3103576;33050109;692791;14954856;7840436;13892757;8978;57051;9743;95069;333658;658501;525961;3893158;139168;632946;2837536;18739722;48218;542498;
3000;случайные числа 0-4000;9015001;22550990;3397979;45153851;3290198;47399092;3355925;36176040;850376;18313704;7949474;14193930;6328;85021;12118;181131;394310;668491;90411;327311;159906;745960;3269678;22938282;152876;772218;
3000;почти отсортированный массив;8561100;22519507;1463618;36061351;2858846;36060147;2980906;21957317;8934;128704;61603;569178;8258;85051;13319;181131;294913;609271;2689436;21334599;163991;790331;28829;207032;22936;518718;
3000;обратно отсортированный массив;8546244;24138451;1463463;54004687;2821174;58499109;3042458;49498037;1623621;36015376;15487035;27466840;8276;85715;13536;181131;293043;587473;2794425;28235337;145714;695269;6350174;45065372;26391;633478;
3100;случайные числа 0-5;9093425;24059948;2518588;46512515;3032315;47346453;3331415;35387637;767724;16151232;7986598;14090578;8741;58952;10348;98169;335608;683367;619094;4150563;148948;651075;2975686;20236892;47594;556796;
3100;случайные числа 0-4000;9178608;24077229;2696715;48201431;3199993;50631342;3506756;38631707;912574;19529064;8519345;15123809;7308;86905;13241;187031;399266;693243;92970;366025;165870;773701;3478084;24459182;158991;984166;
3100;почти отсортированный массив;9073633;24045157;1545406;38503451;3011145;38502547;3189181;23464167;9250;133104;64211;589928;8631;86951;13861;187031;299153;631083;1966535;31201494;166776;819924;30658;214232;26238;576916;
3100;обратно отсортированный массив;8978158;25724801;1562688;57664443;3010734;62463587;3265196;52852378;1745541;38455088;16587149;29313457;8610;87615;13948;187031;303646;610083;2941835;29965188;153681;723703;6689788;48116712;25785;647466;
3200;случайные числа 0-5;9556793;25636083;2633581;49484363;3227900;50491014;3501561;37654242;785659;17055128;8938986;15969492;9193;60851;9729;101269;345538;707927;587978;4417898;148206;679487;3023105;21368462;60758;625154;
3200;случайные числа 0-4000;9559016;25654207;2823613;51254059;3330093;53805254;3674698;40998125;940761;20594520;8784508;15939939;6791;88818;12741;192931;418733;718181;98350;372182;168371;801233;3626760;25792702;162801;938794;
3200;почти отсортированный массив;9532738;25620817;1640840;41025543;3209948;41024937;3404903;25021005;8721;137488;67304;610894;9588;88852;14399;192931;300464;653585;2089730;33234085;171358;848541;30738;221412;21584;538604;
3200;обратно отсортированный массив;9612303;27418259;1671971;61444635;3224191;66558594;3514615;56317359;1858526;40975672;17494326;31222357;8825;89501;14650;192931;301095;630929;3114671;31759607;154253;749593;7124521;51269142;27308;671924;
3300;случайные числа 0-5;10239498;27262446;2796778;52865379;3392254;53936619;3715286;40367556;851664;18617360;9081430;16231397;9435;62751;10074;104369;355621;732685;609433;4699298;146889;700344;3281841;23322952;46501;598832;
3300;случайные числа 0-4000;10166258;27280724;3014243;54503399;3550596;57222032;3899103;43570789;999181;21893400;9338128;16932649;6823;90710;13158;198831;433364;742153;103686;374450;173811;829172;3855915;27418002;162940;875062;
3300;почти отсортированный массив;10177984;27246462;1757428;43627651;3412006;43627347;3626823;26627867;9295;141904;69854;630412;9653;90746;15261;198831;312123;675919;2148020;34129281;178936;877722;32186;228632;24431;566962;
3300;обратно отсортированный массив;10204408;29150145;1759795;65344643;3411298;70783387;3693924;59892078;1956105;43575888;18831430;33190425;9231;91415;14891;198831;316391;652417;3293871;33529421;156491;775107;7508361;54521112;29883;713712;
3400;случайные числа 0-5;10744978;28938337;2948573;55990579;3581263;57123262;3913329;42681269;887301;19507960;9961780;17887818;9636;64652;10368;107469;372806;757179;639254;4972523;148985;726288;3408296;24437902;51268;625686;
3400;случайные числа 0-4000;10718399;28957419;3167503;57744479;3743238;60597829;4203664;46116845;1067066;23015760;9912544;17791856;7341;92609;14453;204731;447656;767151;105895;404883;179568;857385;4059824;28822652;169546;913596;
3400;почти отсортированный массив;10775933;28922107;1851353;46309755;3619060;46309752;3845391;28284723;9596;146312;70990;652906;9375;92649;15519;204731;321653;698073;3463159;27589216;184560;907968;32698;235842;30763;620606;
3400;обратно отсортированный массив;10798631;30906511;1873333;69364511;3619393;75137949;3922488;63576544;2072299;46255824;19982411;35218168;9308;93315;15376;204731;326439;673869;3489336;34926582;167106;801479;8079931;57872732;27976;716416;
3500;случайные числа 0-5;11431761;30664722;3123728;59171623;3825938;60445534;4230810;45036951;941796;20350248;10045351;17880929;10063;66552;10713;110569;379344;781727;674271;5274023;155786;750589;3555509;25492462;46658;628638;
3500;случайные числа 0-4000;11352925;30684946;3328003;61143651;3943511;64163777;4401626;48796197;1105113;24294304;10288326;18768375;7415;94523;13886;210631;462271;791867;110986;408726;185670;885266;4243273;30422532;172378;913268;
3500;почти отсортированный массив;11335775;30647757;1953874;49071843;3802244;49072137;4047568;29991555;10550;150688;73728;675026;9679;94548;16188;210631;334278;719927;3646201;29291030;188918;937062;34206;243012;29053;626138;
3500;обратно отсортированный массив;11512158;32726779;1992906;73504491;3805345;79622747;4121066;67371250;2176194;49015984;20994336;37306241;9731;95208;15955;210631;335010;695711;3672663;37009453;169903;830719;8452115;61324632;29368;736138;
3600;случайные числа 0-5;12019324;32440631;3299304;62815951;4011056;64065887;4373006;47878817;996081;21959104;10792081;19247339;10611;68451;10874;113669;403696;804727;737100;5590568;167453;770637;3931160;27505232;64559;675340;
3600;случайные числа 0-4000;12022880;32461173;3550106;64759507;4270000;67935924;4651506;51731597;1172833;25846216;10952520;19948417;7458;96427;14309;216531;468185;816577;115483;403693;192823;915567;4505285;32364122;189008;1083710;
3600;почти отсортированный массив;12029775;32423412;2056361;51913951;4033725;51914147;4304259;31748375;10431;155104;75571;696261;9716;96443;16658;216531;347943;741133;3802798;31138342;195996;966685;34743;250232;27530;636720;
3600;обратно отсортированный массив;12194728;34610711;2073061;77764487;4025339;84237517;4368748;71275944;2347890;51856176;22189580;39454225;11043;97115;16535;216531;352403;718405;3846108;38635202;175326;856071;8922201;64876572;31321;771480;
3700;случайные числа 0-5;12801833;34266601;3559286;65968923;4267720;67172717;4632015;49968193;1017288;22425248;11057294;19848911;10496;70351;11304;116769;410436;829209;748433;5870088;164651;801753;3914784;28089612;50984;666558;
3700;случайные числа 0-4000;12713331;34287593;3708576;68706835;4536133;72165347;4929308;55051046;1284959;27901072;11922116;21505976;7451;98322;14768;222431;491018;841431;117088;455375;197161;940859;4913820;34934392;191790;1019158;
3700;почти отсортированный массив;12768226;34249062;2199261;54836051;4261301;54836947;4518456;33555267;11081;159504;79353;716046;11258;98347;17463;222431;349211;763221;2638834;42339461;201828;995935;35743;257432;28643;649808;
3700;обратно отсортированный массив;12730726;36535639;2203870;82144535;4254433;88982352;4604505;75290716;2432356;54776472;23539628;41662837;10093;99008;16903;222431;366998;739641;4137608;41583858;183145;881809;9451296;68528642;32580;789108;
3800;случайные числа 0-5;13373881;36142743;3657371;69901551;4458945;71447309;4917389;53310709;1101103;24290704;12612586;22499371;12243;72254;12073;119869;429130;853259;810318;6197813;173696;823461;4264370;30423132;57928;689108;
3800;случайные числа 0-4000;13548525;36164682;3917313;72042903;4697175;75599159;5220440;57474237;1311141;28573408;12180510;22027841;7649;100219;15199;228331;507316;866579;125990;470458;212199;970154;5037155;35776512;192961;975158;
3800;почти отсортированный массив;13453939;36124707;2303490;57838155;4531398;57839352;4817676;35412123;11046;163912;81730;738531;10396;100220;17628;228331;362820;784919;4349740;34629296;208545;1024839;36808;264642;32818;681188;
3800;обратно отсортированный массив;13417418;38446152;2308356;86644119;4502441;93856607;4863125;79414792;2570290;57775840;24751135;43929702;10669;100908;17804;228331;370065;761831;4296955;42733094;187223;909485;10070796;72279552;35849;809508;
3900;случайные числа 0-5;14179468;38068928;3909043;73561987;4707025;74897693;5153499;55928145;1155258;25451776;12807453;22862084;11319;74150;11816;122969;424999;877843;844135;6527198;174726;837364;4495518;31876172;52945;698304;
3900;случайные числа 0-4000;14312138;38091990;4124601;76230223;4939351;80059988;5494055;61062594;1408548;30788248;13026073;23705667;7901;102118;15481;234231;527910;891361;124698;470351;211256;997730;5461608;38546762;200216;1035474;
3900;почти отсортированный массив;14129295;38050362;2432831;60920251;4735539;60921347;5074993;37318925;11395;168304;84388;760050;11109;102126;18345;234231;371895;806425;4480459;36557978;212941;1055469;38068;271832;31743;685624;
3900;обратно отсортированный массив;14255955;40564242;2443060;91264591;4764441;98861964;5149494;83650193;2703725;60856984;26232303;46259139;10690;102801;18033;234231;371708;783895;4531833;44990266;193311;937592;10489181;76132682;35226;840624;
4000;случайные числа 0-5;15300348;40045380;4212269;77527003;5118386;78987074;5482943;59057556;1228060;27062008;13277149;23706588;11529;76050;12158;126069;428486;903495;880758;6899673;178891;862682;4724788;33890662;72714;752852;
4000;случайные числа 0-4000;14847753;40069100;4299379;80064415;5128789;84061727;5647888;64078413;1447206;32136832;13591676;24736033;8216;104020;15916;240131;532966;915819;134825;490103;221698;1027338;5603015;40234192;214505;1128832;
4000;почти отсортированный массив;14841916;40026012;2533185;64082347;4985735;64084142;5287680;39275811;12044;172696;86948;781108;11250;104041;18988;240131;366125;827709;3000039;48017306;220431;1083663;40393;279022;31716;708042;
4000;обратно отсортированный массив;14871864;42580672;2562318;96004067;4965660;103996092;5393956;87994114;2848368;64016136;27335059;48645582;11258;104715;19029;240131;383344;806679;4746483;46628517;198063;963606;11051431;80083322;34906;859292;
4100;случайные числа 0-5;15594948;42071172;4229908;81120535;5179820;82831124;5665478;61731279;1254071;27769272;13568088;24309846;11643;77952;12486;129169;427054;926221;922330;7183953;187075;894295;4843428;34776442;77291;849932;
4100;случайные числа 0-4000;15633714;42095865;4488763;84104303;5402766;88297474;5914698;67221782;1517201;33736808;14334725;25951484;8130;105922;16275;246031;525388;940753;131033;485509;221073;1055627;5893488;42235862;238740;1679552;
4100;почти отсортированный массив;15624846;42051657;2658398;67324455;5215966;67326552;5560204;41282673;12308;177112;89303;802657;11393;105939;19356;246031;372158;848647;4960171;40478652;223738;1114332;39951;286242;39093;854342;
4100;обратно отсортированный массив;15650920;44737587;2688853;100864099;5219475;109260899;5656706;92448855;2980206;67256400;28766079;51094008;11750;106601;19573;246031;383606;829381;4981850;48707667;203741;989758;11578211;84135352;35788;925572;
